{
  "overall": {
    "nDCG@1": 54.00372439478585,
    "nDCG@2": 76.72253258845437,
    "nDCG@3": 82.43262309563745,
    "nDCG@4": 84.9652115500136,
    "nDCG@5": 86.47298050565232,
    "precision@1": 54.00372439478585,
    "precision@2": 38.361266294227185,
    "precision@3": 28.590937306021107,
    "precision@4": 22.70949720670391,
    "precision@5": 18.86778398510242,
    "recall@1": 54.00372439478585,
    "recall@2": 76.72253258845437,
    "recall@3": 85.77281191806331,
    "recall@4": 90.83798882681565,
    "recall@5": 94.3389199255121
  },
  "gcard": {
    "nDCG@1": 56.23836126629422,
    "nDCG@2": 86.77839851024208,
    "nDCG@3": 91.00809518222957,
    "nDCG@4": 92.40474322692229,
    "nDCG@5": 93.36714894328743,
    "precision@1": 56.23836126629422,
    "precision@2": 43.38919925512104,
    "precision@3": 31.160769708255742,
    "precision@4": 24.068901303538176,
    "precision@5": 19.702048417132215,
    "recall@1": 56.23836126629422,
    "recall@2": 86.77839851024208,
    "recall@3": 93.48230912476723,
    "recall@4": 96.2756052141527,
    "recall@5": 98.51024208566108
  },
  "ram": {
    "nDCG@1": 65.73556797020484,
    "nDCG@2": 82.49534450651768,
    "nDCG@3": 88.3699232176114,
    "nDCG@4": 90.79077982841216,
    "nDCG@5": 92.07398745023234,
    "precision@1": 65.73556797020484,
    "precision@2": 41.24767225325884,
    "precision@3": 30.60211049037865,
    "precision@4": 24.162011173184357,
    "precision@5": 19.925512104283055,
    "recall@1": 65.73556797020484,
    "recall@2": 82.49534450651768,
    "recall@3": 91.80633147113593,
    "recall@4": 96.64804469273743,
    "recall@5": 99.62756052141528
  },
  "hdisk": {
    "nDCG@1": 43.01675977653631,
    "nDCG@2": 73.55679702048417,
    "nDCG@3": 80.95876619646222,
    "nDCG@4": 83.93828202514007,
    "nDCG@5": 85.301690123324,
    "precision@1": 43.01675977653631,
    "precision@2": 36.778398510242084,
    "precision@3": 28.429546865301052,
    "precision@4": 22.811918063314714,
    "precision@5": 18.88268156424581,
    "recall@1": 43.01675977653631,
    "recall@2": 73.55679702048417,
    "recall@3": 85.28864059590316,
    "recall@4": 91.24767225325886,
    "recall@5": 94.41340782122904
  },
  "screen": {
    "nDCG@1": 72.62569832402235,
    "nDCG@2": 89.01303538175046,
    "nDCG@3": 92.65527418262859,
    "nDCG@4": 94.42436170590605,
    "nDCG@5": 94.82536408772486,
    "precision@1": 72.62569832402235,
    "precision@2": 44.50651769087523,
    "precision@3": 31.59528243327126,
    "precision@4": 24.581005586592177,
    "precision@5": 19.85102420856611,
    "recall@1": 72.62569832402235,
    "recall@2": 89.01303538175046,
    "recall@3": 94.78584729981378,
    "recall@4": 98.32402234636871,
    "recall@5": 99.25512104283054
  },
  "cpu": {
    "nDCG@1": 32.402234636871505,
    "nDCG@2": 51.76908752327747,
    "nDCG@3": 59.171056699255466,
    "nDCG@4": 63.26789096368749,
    "nDCG@5": 66.79671192369298,
    "precision@1": 32.402234636871505,
    "precision@2": 25.884543761638735,
    "precision@3": 21.16697703289882,
    "precision@4": 17.92364990689013,
    "precision@5": 15.977653631284916,
    "recall@1": 32.402234636871505,
    "recall@2": 51.76908752327747,
    "recall@3": 63.50093109869647,
    "recall@4": 71.69459962756052,
    "recall@5": 79.88826815642457
  }
}