{"overall": {"recall@1": 93.94, "precision@1": 93.94, "nDCG@1": 93.94, "recall@2": 97.36000000000001, "precision@2": 48.69, "nDCG@2": 96.10000000000001, "recall@3": 99.21999999999998, "precision@3": 33.040000000000006, "nDCG@3": 97.02000000000001, "recall@4": 99.86000000000001, "precision@4": 24.99000000000001, "nDCG@4": 97.28999999999999, "recall@5": 100.02000000000001, "precision@5": 19.949999999999996, "nDCG@5": 97.36}, "screen": {"recall@1": 95.87, "precision@1": 95.87, "nDCG@1": 95.87, "recall@2": 98.77, "precision@2": 49.400000000000006, "nDCG@2": 97.71, "recall@3": 99.69, "precision@3": 33.23, "nDCG@3": 98.16999999999999, "recall@4": 99.99, "precision@4": 24.990000000000002, "nDCG@4": 98.3, "recall@5": 99.99, "precision@5": 20.009999999999998, "nDCG@5": 98.3}, "cpu": {"recall@1": 91.13, "precision@1": 91.13, "nDCG@1": 91.13, "recall@2": 96.18, "precision@2": 48.09, "nDCG@2": 94.31, "recall@3": 98.77000000000001, "precision@3": 32.93, "nDCG@3": 95.62, "recall@4": 99.83999999999999, "precision@4": 24.96, "nDCG@4": 96.08000000000001, "recall@5": 99.99, "precision@5": 20.009999999999998, "nDCG@5": 96.14}, "ram": {"recall@1": 91.28, "precision@1": 91.28, "nDCG@1": 91.28, "recall@2": 95.56, "precision@2": 47.78, "nDCG@2": 93.99000000000001, "recall@3": 98.47, "precision@3": 32.830000000000005, "nDCG@3": 95.44, "recall@4": 99.69, "precision@4": 24.93, "nDCG@4": 95.96000000000001, "recall@5": 99.83999999999999, "precision@5": 19.979999999999997, "nDCG@5": 96.02}, "hdisk": {"recall@1": 93.28, "precision@1": 93.28, "nDCG@1": 93.28, "recall@2": 96.78999999999999, "precision@2": 48.39, "nDCG@2": 95.49, "recall@3": 99.08000000000001, "precision@3": 33.03, "nDCG@3": 96.64, "recall@4": 99.52999999999999, "precision@4": 24.880000000000003, "nDCG@4": 96.84, "recall@5": 99.99, "precision@5": 20.009999999999998, "nDCG@5": 97.02000000000001}, "gcard": {"recall@1": 98.16, "precision@1": 98.16, "nDCG@1": 98.16, "recall@2": 99.52999999999999, "precision@2": 49.78, "nDCG@2": 99.03, "recall@3": 99.99, "precision@3": 33.33, "nDCG@3": 99.26, "recall@4": 99.99, "precision@4": 24.990000000000002, "nDCG@4": 99.26, "recall@5": 99.99, "precision@5": 20.009999999999998, "nDCG@5": 99.26}}