{"overall": {"recall@1": 89.91000000000001, "precision@1": 89.91000000000001, "nDCG@1": 89.91000000000001, "recall@2": 95.92, "precision@2": 47.91, "nDCG@2": 93.7, "recall@3": 97.86000000000001, "precision@3": 32.58, "nDCG@3": 94.67, "recall@4": 98.22000000000001, "precision@4": 24.590000000000003, "nDCG@4": 94.83000000000001, "recall@5": 98.83000000000001, "precision@5": 19.71, "nDCG@5": 95.07}, "screen": {"recall@1": 95.16, "precision@1": 95.16, "nDCG@1": 95.16, "recall@2": 98.18, "precision@2": 49.09, "nDCG@2": 97.06, "recall@3": 99.99, "precision@3": 33.33, "nDCG@3": 97.97, "recall@4": 99.99, "precision@4": 24.990000000000002, "nDCG@4": 97.97, "recall@5": 99.99, "precision@5": 20.009999999999998, "nDCG@5": 97.97}, "cpu": {"recall@1": 80.0, "precision@1": 80.0, "nDCG@1": 80.0, "recall@2": 85.46, "precision@2": 42.73, "nDCG@2": 83.44, "recall@3": 89.08, "precision@3": 29.689999999999998, "nDCG@3": 85.25999999999999, "recall@4": 90.91, "precision@4": 22.73, "nDCG@4": 86.03999999999999, "recall@5": 93.92999999999999, "precision@5": 18.79, "nDCG@5": 87.21}, "ram": {"recall@1": 78.17, "precision@1": 78.17, "nDCG@1": 78.17, "recall@2": 95.75999999999999, "precision@2": 47.87, "nDCG@2": 89.26, "recall@3": 99.99, "precision@3": 33.33, "nDCG@3": 91.4, "recall@4": 99.99, "precision@4": 24.990000000000002, "nDCG@4": 91.4, "recall@5": 99.99, "precision@5": 20.009999999999998, "nDCG@5": 91.4}, "hdisk": {"recall@1": 96.35999999999999, "precision@1": 96.35999999999999, "nDCG@1": 96.35999999999999, "recall@2": 99.99, "precision@2": 50.010000000000005, "nDCG@2": 98.67, "recall@3": 99.99, "precision@3": 33.33, "nDCG@3": 98.67, "recall@4": 99.99, "precision@4": 24.990000000000002, "nDCG@4": 98.67, "recall@5": 99.99, "precision@5": 20.009999999999998, "nDCG@5": 98.67}, "gcard": {"recall@1": 99.99, "precision@1": 99.99, "nDCG@1": 99.99, "recall@2": 99.99, "precision@2": 50.010000000000005, "nDCG@2": 99.99, "recall@3": 99.99, "precision@3": 33.33, "nDCG@3": 99.99, "recall@4": 99.99, "precision@4": 24.990000000000002, "nDCG@4": 99.99, "recall@5": 99.99, "precision@5": 20.009999999999998, "nDCG@5": 99.99}}