{"overall": {"recall@1": 80.49, "precision@1": 80.49, "nDCG@1": 80.49, "recall@2": 92.61, "precision@2": 46.29, "nDCG@2": 88.14, "recall@3": 99.19000000000001, "precision@3": 33.02, "nDCG@3": 91.40000000000002, "recall@4": 99.93, "precision@4": 25.020000000000003, "nDCG@4": 91.71000000000001, "recall@5": 100.05000000000001, "precision@5": 19.949999999999996, "nDCG@5": 91.76}, "screen": {"recall@1": 76.97, "precision@1": 76.97, "nDCG@1": 76.97, "recall@2": 92.72999999999999, "precision@2": 46.37, "nDCG@2": 86.89999999999999, "recall@3": 99.99, "precision@3": 33.33, "nDCG@3": 90.53999999999999, "recall@4": 99.99, "precision@4": 24.990000000000002, "nDCG@4": 90.53999999999999, "recall@5": 99.99, "precision@5": 20.009999999999998, "nDCG@5": 90.53999999999999}, "cpu": {"recall@1": 76.36, "precision@1": 76.36, "nDCG@1": 76.36, "recall@2": 87.88, "precision@2": 43.94, "nDCG@2": 83.63999999999999, "recall@3": 97.57999999999998, "precision@3": 32.53, "nDCG@3": 88.48, "recall@4": 99.38999999999999, "precision@4": 24.84, "nDCG@4": 89.26, "recall@5": 99.99, "precision@5": 20.009999999999998, "nDCG@5": 89.49000000000001}, "ram": {"recall@1": 83.63, "precision@1": 83.63, "nDCG@1": 83.63, "recall@2": 97.57999999999998, "precision@2": 48.78, "nDCG@2": 92.44, "recall@3": 99.99, "precision@3": 33.33, "nDCG@3": 93.65, "recall@4": 99.99, "precision@4": 24.990000000000002, "nDCG@4": 93.65, "recall@5": 99.99, "precision@5": 20.009999999999998, "nDCG@5": 93.65}, "hdisk": {"recall@1": 69.09, "precision@1": 69.09, "nDCG@1": 69.09, "recall@2": 86.67, "precision@2": 43.34, "nDCG@2": 80.18, "recall@3": 98.17999999999999, "precision@3": 32.73, "nDCG@3": 85.94, "recall@4": 99.99, "precision@4": 24.990000000000002, "nDCG@4": 86.72, "recall@5": 99.99, "precision@5": 20.009999999999998, "nDCG@5": 86.72}, "gcard": {"recall@1": 96.37, "precision@1": 96.37, "nDCG@1": 96.37, "recall@2": 98.17999999999999, "precision@2": 49.09, "nDCG@2": 97.51, "recall@3": 99.99, "precision@3": 33.33, "nDCG@3": 98.42, "recall@4": 99.99, "precision@4": 24.990000000000002, "nDCG@4": 98.42, "recall@5": 99.99, "precision@5": 20.009999999999998, "nDCG@5": 98.42}}