{
  "overall": {
    "recall@1": 61.34,
    "precision@1": 61.34,
    "nDCG@1": 61.34,
    "recall@2": 80.9,
    "precision@2": 40.45,
    "nDCG@2": 73.69999999999999,
    "recall@3": 89.22,
    "precision@3": 29.73,
    "nDCG@3": 77.83000000000001,
    "recall@4": 93.07000000000002,
    "precision@4": 23.279999999999994,
    "nDCG@4": 79.51000000000002,
    "recall@5": 95.36000000000001,
    "precision@5": 19.039999999999996,
    "nDCG@5": 80.41
  },
  "screen": {
    "recall@1": 72.89,
    "precision@1": 72.89,
    "nDCG@1": 72.89,
    "recall@2": 91.75,
    "precision@2": 45.87,
    "nDCG@2": 84.79,
    "recall@3": 99.38,
    "precision@3": 33.13,
    "nDCG@3": 88.6,
    "recall@4": 99.99,
    "precision@4": 24.990000000000002,
    "nDCG@4": 88.87,
    "recall@5": 99.99,
    "precision@5": 20.009999999999998,
    "nDCG@5": 88.87
  },
  "cpu": {
    "recall@1": 32.86,
    "precision@1": 32.86,
    "nDCG@1": 32.86,
    "recall@2": 56.07000000000001,
    "precision@2": 28.040000000000003,
    "nDCG@2": 47.51,
    "recall@3": 69.78,
    "precision@3": 23.259999999999998,
    "nDCG@3": 54.36,
    "recall@4": 77.1,
    "precision@4": 19.279999999999998,
    "nDCG@4": 57.51,
    "recall@5": 82.56,
    "precision@5": 16.509999999999998,
    "nDCG@5": 59.63
  },
  "ram": {
    "recall@1": 55.14,
    "precision@1": 55.14,
    "nDCG@1": 55.14,
    "recall@2": 80.67999999999999,
    "precision@2": 40.35,
    "nDCG@2": 71.25,
    "recall@3": 90.5,
    "precision@3": 30.17,
    "nDCG@3": 76.16,
    "recall@4": 96.26,
    "precision@4": 24.06,
    "nDCG@4": 78.65,
    "recall@5": 99.07,
    "precision@5": 19.810000000000002,
    "nDCG@5": 79.72999999999999
  },
  "hdisk": {
    "recall@1": 78.03999999999999,
    "precision@1": 78.03999999999999,
    "nDCG@1": 78.03999999999999,
    "recall@2": 91.75,
    "precision@2": 45.87,
    "nDCG@2": 86.67999999999999,
    "recall@3": 96.1,
    "precision@3": 32.03,
    "nDCG@3": 88.87,
    "recall@4": 97.49999999999999,
    "precision@4": 24.380000000000003,
    "nDCG@4": 89.47,
    "recall@5": 99.22999999999999,
    "precision@5": 19.85,
    "nDCG@5": 90.14
  },
  "gcard": {
    "recall@1": 67.77,
    "precision@1": 67.77,
    "nDCG@1": 67.77,
    "recall@2": 84.27000000000001,
    "precision@2": 42.14,
    "nDCG@2": 78.17999999999999,
    "recall@3": 90.34,
    "precision@3": 30.120000000000005,
    "nDCG@3": 81.21000000000001,
    "recall@4": 94.39,
    "precision@4": 23.6,
    "nDCG@4": 82.96,
    "recall@5": 95.94999999999999,
    "precision@5": 19.18,
    "nDCG@5": 83.56
  }
}