{"overall": {"recall@1": 79.53999999999999, "precision@1": 79.53999999999999, "nDCG@1": 79.53999999999999, "recall@2": 92.47000000000001, "precision@2": 46.239999999999995, "nDCG@2": 87.69000000000001, "recall@3": 96.33, "precision@3": 32.11, "nDCG@3": 89.60999999999999, "recall@4": 97.86999999999999, "precision@4": 24.499999999999996, "nDCG@4": 90.31999999999998, "recall@5": 98.81999999999996, "precision@5": 19.78, "nDCG@5": 90.68999999999998}, "screen": {"recall@1": 74.85000000000001, "precision@1": 74.85000000000001, "nDCG@1": 74.85000000000001, "recall@2": 95.33000000000001, "precision@2": 47.67, "nDCG@2": 87.77, "recall@3": 99.72999999999999, "precision@3": 33.26, "nDCG@3": 89.98, "recall@4": 100.0, "precision@4": 25.0, "nDCG@4": 90.1, "recall@5": 100.0, "precision@5": 20.0, "nDCG@5": 90.1}, "cpu": {"recall@1": 71.22, "precision@1": 71.22, "nDCG@1": 71.22, "recall@2": 85.33000000000001, "precision@2": 42.67, "nDCG@2": 80.12, "recall@3": 90.19, "precision@3": 30.07, "nDCG@3": 82.54, "recall@4": 93.35999999999999, "precision@4": 23.349999999999998, "nDCG@4": 83.91, "recall@5": 95.69, "precision@5": 19.14, "nDCG@5": 84.81}, "ram": {"recall@1": 79.42999999999999, "precision@1": 79.42999999999999, "nDCG@1": 79.42999999999999, "recall@2": 91.5, "precision@2": 45.75, "nDCG@2": 87.04, "recall@3": 95.98999999999998, "precision@3": 32.0, "nDCG@3": 89.28999999999999, "recall@4": 98.32, "precision@4": 24.58, "nDCG@4": 90.3, "recall@5": 99.63, "precision@5": 19.92, "nDCG@5": 90.79999999999998}, "hdisk": {"recall@1": 89.53, "precision@1": 89.53, "nDCG@1": 89.53, "recall@2": 97.00999999999999, "precision@2": 48.51, "nDCG@2": 94.25, "recall@3": 99.07, "precision@3": 33.02, "nDCG@3": 95.28, "recall@4": 99.63, "precision@4": 24.91, "nDCG@4": 95.52, "recall@5": 99.82, "precision@5": 19.96, "nDCG@5": 95.59}, "gcard": {"recall@1": 82.7, "precision@1": 82.7, "nDCG@1": 82.7, "recall@2": 93.27000000000001, "precision@2": 46.63, "nDCG@2": 89.36999999999999, "recall@3": 96.74000000000001, "precision@3": 32.26, "nDCG@3": 91.1, "recall@4": 98.13, "precision@4": 24.529999999999998, "nDCG@4": 91.71000000000001, "recall@5": 99.06, "precision@5": 19.8, "nDCG@5": 92.07}}