{"overall": {"recall@1": 77.84, "precision@1": 77.84, "nDCG@1": 77.84, "recall@2": 90.52, "precision@2": 45.230000000000004, "nDCG@2": 85.83, "recall@3": 94.78000000000002, "precision@3": 31.61, "nDCG@3": 87.95, "recall@4": 97.06, "precision@4": 24.279999999999998, "nDCG@4": 88.96000000000001, "recall@5": 98.54, "precision@5": 19.700000000000003, "nDCG@5": 89.50999999999999}, "screen": {"recall@1": 71.96, "precision@1": 71.96, "nDCG@1": 71.96, "recall@2": 92.05, "precision@2": 46.03, "nDCG@2": 84.64, "recall@3": 98.13, "precision@3": 32.71, "nDCG@3": 87.68, "recall@4": 98.91999999999999, "precision@4": 24.73, "nDCG@4": 88.02, "recall@5": 99.83999999999999, "precision@5": 19.979999999999997, "nDCG@5": 88.38}, "cpu": {"recall@1": 74.61, "precision@1": 74.61, "nDCG@1": 74.61, "recall@2": 85.50999999999999, "precision@2": 42.75, "nDCG@2": 81.5, "recall@3": 90.04, "precision@3": 30.02, "nDCG@3": 83.75, "recall@4": 92.84, "precision@4": 23.21, "nDCG@4": 84.96000000000001, "recall@5": 95.33, "precision@5": 19.060000000000002, "nDCG@5": 85.93}, "ram": {"recall@1": 78.03, "precision@1": 78.03, "nDCG@1": 78.03, "recall@2": 89.57, "precision@2": 44.769999999999996, "nDCG@2": 85.31, "recall@3": 94.56, "precision@3": 31.51, "nDCG@3": 87.8, "recall@4": 97.35, "precision@4": 24.340000000000003, "nDCG@4": 89.01, "recall@5": 99.07, "precision@5": 19.81, "nDCG@5": 89.67}, "hdisk": {"recall@1": 85.52, "precision@1": 85.52, "nDCG@1": 85.52, "recall@2": 93.93, "precision@2": 46.96, "nDCG@2": 90.82, "recall@3": 96.88, "precision@3": 32.29, "nDCG@3": 92.30000000000001, "recall@4": 98.75, "precision@4": 24.699999999999996, "nDCG@4": 93.1, "recall@5": 99.69, "precision@5": 19.95, "nDCG@5": 93.46000000000001}, "gcard": {"recall@1": 78.97, "precision@1": 78.97, "nDCG@1": 78.97, "recall@2": 91.44, "precision@2": 45.72, "nDCG@2": 86.83, "recall@3": 94.24000000000001, "precision@3": 31.419999999999998, "nDCG@3": 88.24000000000001, "recall@4": 97.5, "precision@4": 24.380000000000003, "nDCG@4": 89.65, "recall@5": 98.75, "precision@5": 19.740000000000002, "nDCG@5": 90.13}}