{"overall": {"recall@1": 72.36, "precision@1": 72.36, "nDCG@1": 72.36, "recall@2": 88.20000000000002, "precision@2": 44.099999999999994, "nDCG@2": 82.35, "recall@3": 93.81, "precision@3": 31.269999999999996, "nDCG@3": 85.16000000000001, "recall@4": 96.84, "precision@4": 24.200000000000003, "nDCG@4": 86.44999999999999, "recall@5": 98.07, "precision@5": 19.609999999999996, "nDCG@5": 86.95000000000002}, "screen": {"recall@1": 68.22999999999999, "precision@1": 68.22999999999999, "nDCG@1": 68.22999999999999, "recall@2": 92.36, "precision@2": 46.18, "nDCG@2": 83.45, "recall@3": 98.44999999999999, "precision@3": 32.82, "nDCG@3": 86.49000000000001, "recall@4": 99.38, "precision@4": 24.839999999999996, "nDCG@4": 86.9, "recall@5": 99.53999999999999, "precision@5": 19.919999999999998, "nDCG@5": 86.96000000000001}, "cpu": {"recall@1": 69.0, "precision@1": 69.0, "nDCG@1": 69.0, "recall@2": 80.53, "precision@2": 40.260000000000005, "nDCG@2": 76.28, "recall@3": 86.6, "precision@3": 28.869999999999997, "nDCG@3": 79.32, "recall@4": 90.97, "precision@4": 22.740000000000002, "nDCG@4": 81.19, "recall@5": 92.97999999999999, "precision@5": 18.59, "nDCG@5": 81.97}, "ram": {"recall@1": 68.22, "precision@1": 68.22, "nDCG@1": 68.22, "recall@2": 86.92, "precision@2": 43.46, "nDCG@2": 80.01, "recall@3": 93.14, "precision@3": 31.04, "nDCG@3": 83.13999999999999, "recall@4": 97.19999999999999, "precision@4": 24.299999999999997, "nDCG@4": 84.87, "recall@5": 98.91, "precision@5": 19.77, "nDCG@5": 85.53}, "hdisk": {"recall@1": 80.99000000000001, "precision@1": 80.99000000000001, "nDCG@1": 80.99000000000001, "recall@2": 91.59, "precision@2": 45.79, "nDCG@2": 87.68, "recall@3": 96.11000000000001, "precision@3": 32.04, "nDCG@3": 89.94, "recall@4": 99.05999999999999, "precision@4": 24.759999999999998, "nDCG@4": 91.21, "recall@5": 99.83999999999999, "precision@5": 19.979999999999997, "nDCG@5": 91.52}, "gcard": {"recall@1": 75.39, "precision@1": 75.39, "nDCG@1": 75.39, "recall@2": 89.57000000000001, "precision@2": 44.78, "nDCG@2": 84.34, "recall@3": 94.7, "precision@3": 31.560000000000002, "nDCG@3": 86.91, "recall@4": 97.50999999999999, "precision@4": 24.380000000000003, "nDCG@4": 88.11000000000001, "recall@5": 99.07, "precision@5": 19.81, "nDCG@5": 88.71000000000001}}