{"overall": {"recall@1": 85.65, "precision@1": 85.65, "nDCG@1": 85.65, "recall@2": 97.71999999999998, "precision@2": 48.85999999999999, "nDCG@2": 93.27, "recall@3": 99.82000000000001, "precision@3": 33.23, "nDCG@3": 94.3, "recall@4": 100.02000000000001, "precision@4": 25.04, "nDCG@4": 94.37, "recall@5": 100.02000000000001, "precision@5": 19.949999999999996, "nDCG@5": 94.37}, "screen": {"recall@1": 85.36, "precision@1": 85.36, "nDCG@1": 85.36, "recall@2": 99.07, "precision@2": 49.53, "nDCG@2": 94.00999999999999, "recall@3": 99.99, "precision@3": 33.33, "nDCG@3": 94.47999999999999, "recall@4": 99.99, "precision@4": 24.990000000000002, "nDCG@4": 94.47999999999999, "recall@5": 99.99, "precision@5": 20.009999999999998, "nDCG@5": 94.47999999999999}, "cpu": {"recall@1": 79.14, "precision@1": 79.14, "nDCG@1": 79.14, "recall@2": 95.00999999999999, "precision@2": 47.51, "nDCG@2": 89.15, "recall@3": 99.07, "precision@3": 33.03, "nDCG@3": 91.17, "recall@4": 99.99, "precision@4": 24.990000000000002, "nDCG@4": 91.58, "recall@5": 99.99, "precision@5": 20.009999999999998, "nDCG@5": 91.58}, "ram": {"recall@1": 84.27000000000001, "precision@1": 84.27000000000001, "nDCG@1": 84.27000000000001, "recall@2": 95.95000000000002, "precision@2": 47.97, "nDCG@2": 91.64, "recall@3": 99.84, "precision@3": 33.28, "nDCG@3": 93.58999999999999, "recall@4": 99.84, "precision@4": 24.95, "nDCG@4": 93.58999999999999, "recall@5": 99.84, "precision@5": 19.98, "nDCG@5": 93.58999999999999}, "hdisk": {"recall@1": 89.88, "precision@1": 89.88, "nDCG@1": 89.88, "recall@2": 98.60999999999999, "precision@2": 49.29, "nDCG@2": 95.37, "recall@3": 99.99, "precision@3": 33.33, "nDCG@3": 96.08, "recall@4": 99.99, "precision@4": 24.990000000000002, "nDCG@4": 96.08, "recall@5": 99.99, "precision@5": 20.009999999999998, "nDCG@5": 96.08}, "gcard": {"recall@1": 89.57, "precision@1": 89.57, "nDCG@1": 89.57, "recall@2": 99.99, "precision@2": 50.010000000000005, "nDCG@2": 96.15, "recall@3": 99.99, "precision@3": 33.33, "nDCG@3": 96.15, "recall@4": 99.99, "precision@4": 24.990000000000002, "nDCG@4": 96.15, "recall@5": 99.99, "precision@5": 20.009999999999998, "nDCG@5": 96.15}}