{"overall": {"recall@1": 73.63, "precision@1": 73.63, "nDCG@1": 73.63, "recall@2": 89.12, "precision@2": 44.54, "nDCG@2": 83.36999999999999, "recall@3": 94.20000000000002, "precision@3": 31.369999999999997, "nDCG@3": 85.93, "recall@4": 96.29000000000002, "precision@4": 24.1, "nDCG@4": 86.83000000000001, "recall@5": 97.52000000000001, "precision@5": 19.47, "nDCG@5": 87.29}, "screen": {"recall@1": 73.68, "precision@1": 73.68, "nDCG@1": 73.68, "recall@2": 92.37, "precision@2": 46.18, "nDCG@2": 85.47, "recall@3": 99.21, "precision@3": 33.07, "nDCG@3": 88.89, "recall@4": 99.84, "precision@4": 24.95, "nDCG@4": 89.16, "recall@5": 99.99, "precision@5": 20.009999999999998, "nDCG@5": 89.22}, "cpu": {"recall@1": 40.97, "precision@1": 40.97, "nDCG@1": 40.97, "recall@2": 61.519999999999996, "precision@2": 30.759999999999998, "nDCG@2": 53.93, "recall@3": 74.14, "precision@3": 24.71, "nDCG@3": 60.24999999999999, "recall@4": 82.08000000000001, "precision@4": 20.52, "nDCG@4": 63.67, "recall@5": 87.69, "precision@5": 17.54, "nDCG@5": 65.84}, "ram": {"recall@1": 73.21, "precision@1": 73.21, "nDCG@1": 73.21, "recall@2": 92.68, "precision@2": 46.33, "nDCG@2": 85.49000000000001, "recall@3": 97.49999999999999, "precision@3": 32.5, "nDCG@3": 87.91, "recall@4": 99.38, "precision@4": 24.839999999999996, "nDCG@4": 88.71, "recall@5": 99.69, "precision@5": 19.95, "nDCG@5": 88.83}, "hdisk": {"recall@1": 89.72, "precision@1": 89.72, "nDCG@1": 89.72, "recall@2": 99.07, "precision@2": 49.53, "nDCG@2": 95.61, "recall@3": 99.99, "precision@3": 33.33, "nDCG@3": 96.08, "recall@4": 99.99, "precision@4": 24.990000000000002, "nDCG@4": 96.08, "recall@5": 99.99, "precision@5": 20.009999999999998, "nDCG@5": 96.08}, "gcard": {"recall@1": 90.66, "precision@1": 90.66, "nDCG@1": 90.66, "recall@2": 99.83999999999999, "precision@2": 49.93000000000001, "nDCG@2": 96.44999999999999, "recall@3": 99.99, "precision@3": 33.33, "nDCG@3": 96.53, "recall@4": 99.99, "precision@4": 24.990000000000002, "nDCG@4": 96.53, "recall@5": 99.99, "precision@5": 20.009999999999998, "nDCG@5": 96.53}}