{"overall": {"recall@1": 82.23, "precision@1": 82.23, "nDCG@1": 82.23, "recall@2": 96.28000000000002, "precision@2": 48.13999999999999, "nDCG@2": 91.11, "recall@3": 98.47, "precision@3": 32.8, "nDCG@3": 92.19000000000001, "recall@4": 98.97, "precision@4": 24.74, "nDCG@4": 92.4, "recall@5": 99.31, "precision@5": 19.839999999999996, "nDCG@5": 92.54}, "screen": {"recall@1": 80.53, "precision@1": 80.53, "nDCG@1": 80.53, "recall@2": 98.44, "precision@2": 49.22, "nDCG@2": 91.83, "recall@3": 99.53, "precision@3": 33.18, "nDCG@3": 92.38, "recall@4": 99.68, "precision@4": 24.92, "nDCG@4": 92.45, "recall@5": 99.68, "precision@5": 19.939999999999998, "nDCG@5": 92.45}, "cpu": {"recall@1": 71.97, "precision@1": 71.97, "nDCG@1": 71.97, "recall@2": 91.28, "precision@2": 45.63, "nDCG@2": 84.13999999999999, "recall@3": 95.49000000000001, "precision@3": 31.82, "nDCG@3": 86.25, "recall@4": 96.57000000000001, "precision@4": 24.14, "nDCG@4": 86.72999999999999, "recall@5": 97.82, "precision@5": 19.560000000000002, "nDCG@5": 87.21000000000001}, "ram": {"recall@1": 84.58, "precision@1": 84.58, "nDCG@1": 84.58, "recall@2": 94.22999999999999, "precision@2": 47.13, "nDCG@2": 90.67, "recall@3": 97.97, "precision@3": 32.66, "nDCG@3": 92.53999999999999, "recall@4": 99.07, "precision@4": 24.769999999999996, "nDCG@4": 93.00999999999999, "recall@5": 99.38, "precision@5": 19.88, "nDCG@5": 93.13}, "hdisk": {"recall@1": 85.97999999999999, "precision@1": 85.97999999999999, "nDCG@1": 85.97999999999999, "recall@2": 98.75999999999999, "precision@2": 49.379999999999995, "nDCG@2": 94.03999999999999, "recall@3": 99.84, "precision@3": 33.28, "nDCG@3": 94.58, "recall@4": 99.84, "precision@4": 24.95, "nDCG@4": 94.58, "recall@5": 99.84, "precision@5": 19.98, "nDCG@5": 94.58}, "gcard": {"recall@1": 88.16, "precision@1": 88.16, "nDCG@1": 88.16, "recall@2": 98.75, "precision@2": 49.38000000000001, "nDCG@2": 94.85, "recall@3": 99.38, "precision@3": 33.13, "nDCG@3": 95.16, "recall@4": 99.53999999999999, "precision@4": 24.869999999999997, "nDCG@4": 95.22999999999999, "recall@5": 99.69, "precision@5": 19.95, "nDCG@5": 95.28999999999999}}