{"overall": {"recall@1": 80.67, "precision@1": 80.67, "nDCG@1": 80.67, "recall@2": 95.96000000000001, "precision@2": 48.00999999999999, "nDCG@2": 90.32, "recall@3": 98.41, "precision@3": 32.79, "nDCG@3": 91.57, "recall@4": 98.94000000000001, "precision@4": 24.75, "nDCG@4": 91.77000000000001, "recall@5": 99.11000000000001, "precision@5": 19.799999999999997, "nDCG@5": 91.82000000000001}, "screen": {"recall@1": 79.75, "precision@1": 79.75, "nDCG@1": 79.75, "recall@2": 98.44, "precision@2": 49.22, "nDCG@2": 91.54, "recall@3": 99.53, "precision@3": 33.18, "nDCG@3": 92.08, "recall@4": 99.99, "precision@4": 24.990000000000002, "nDCG@4": 92.29, "recall@5": 99.99, "precision@5": 20.009999999999998, "nDCG@5": 92.29}, "cpu": {"recall@1": 70.56, "precision@1": 70.56, "nDCG@1": 70.56, "recall@2": 89.72, "precision@2": 44.86, "nDCG@2": 82.63999999999999, "recall@3": 95.33, "precision@3": 31.77, "nDCG@3": 85.46000000000001, "recall@4": 96.11, "precision@4": 24.020000000000003, "nDCG@4": 85.78, "recall@5": 96.42, "precision@5": 19.29, "nDCG@5": 85.9}, "ram": {"recall@1": 84.58, "precision@1": 84.58, "nDCG@1": 84.58, "recall@2": 95.78999999999999, "precision@2": 47.900000000000006, "nDCG@2": 91.66, "recall@3": 98.91, "precision@3": 32.97, "nDCG@3": 93.21000000000001, "recall@4": 99.37, "precision@4": 24.85, "nDCG@4": 93.41, "recall@5": 99.53, "precision@5": 19.909999999999997, "nDCG@5": 93.47}, "hdisk": {"recall@1": 81.0, "precision@1": 81.0, "nDCG@1": 81.0, "recall@2": 97.19999999999999, "precision@2": 48.599999999999994, "nDCG@2": 91.22, "recall@3": 99.06, "precision@3": 33.03, "nDCG@3": 92.16, "recall@4": 99.38, "precision@4": 24.839999999999996, "nDCG@4": 92.28999999999999, "recall@5": 99.53999999999999, "precision@5": 19.919999999999998, "nDCG@5": 92.35}, "gcard": {"recall@1": 87.53999999999999, "precision@1": 87.53999999999999, "nDCG@1": 87.53999999999999, "recall@2": 98.75999999999999, "precision@2": 49.37, "nDCG@2": 94.61, "recall@3": 99.22999999999999, "precision@3": 33.080000000000005, "nDCG@3": 94.85, "recall@4": 99.69, "precision@4": 24.909999999999997, "nDCG@4": 95.05, "recall@5": 99.83999999999999, "precision@5": 19.979999999999997, "nDCG@5": 95.11}}