{
  "screen": {
    "3": 0.9316770186335404,
    "2": 0.7586206896551724,
    "4": 0.5652173913043478,
    "0": 1.0
  },
  "cpu": {
    "0": 1.0,
    "7": 0.8452380952380952,
    "1": 0.7272727272727273,
    "9": 0.7931034482758621,
    "4": 0.875,
    "6": 0.4864864864864865,
    "8": 0.6666666666666666,
    "5": 1.0,
    "3": 1.0,
    "2": 1.0
  },
  "ram": {
    "0": 1.0,
    "2": 0.9183673469387755,
    "3": 0.8365384615384616,
    "1": 0.6842105263157895,
    "5": 0.7142857142857143,
    "4": 0.25
  },
  "hdisk": {
    "8": 0.9197530864197531,
    "9": 0.6666666666666666,
    "2": 0.8571428571428571,
    "7": 1.0,
    "4": 1.0,
    "3": 0.7368421052631579
  },
  "gcard": {
    "2": 1.0,
    "4": 0.6428571428571429,
    "0": 0.8481012658227848,
    "6": 1.0,
    "3": 0.9767441860465116,
    "5": 1.0,
    "1": 0.5,
    "7": 1.0
  }
}